{
  "CustomVehicles": [
    {
      "DashboardColorIndex": 0,
      "EnvEffScale": -1.000000,
      "Flags": {
        "BulletproofTyres": true,
        "CustomPrimaryColor": true,
        "CustomSecondaryColor": true,
        "ExtraFlag1": false,
        "ExtraFlag10": false,
        "ExtraFlag11": false,
        "ExtraFlag12": false,
        "ExtraFlag2": false,
        "ExtraFlag3": false,
        "ExtraFlag4": false,
        "ExtraFlag5": false,
        "ExtraFlag6": false,
        "ExtraFlag7": false,
        "ExtraFlag8": false,
        "ExtraFlag9": false,
        "NeonBack": true,
        "NeonFront": true,
        "NeonLeft": true,
        "NeonRight": true
      },
      "InteriorColorIndex": 0,
      "ModelHash": -313185164,
      "Name": "Unknown [Autarch (maxed)]",
      "NeonColor": {
        "b": 255,
        "g": 255,
        "r": 255
      },
      "NumberPlateIndex": 1,
      "NumberPlateText": "W100",
      "PearlesentColorIndex": 158,
      "PrimaryColor": {
        "b": 41,
        "g": 44,
        "r": 46
      },
      "PrimaryColorIndex": 158,
      "SecondaryColor": {
        "b": 35,
        "g": 41,
        "r": 46
      },
      "SecondaryColorIndex": 158,
      "TyreSmokeColor": {
        "b": 255,
        "g": 255,
        "r": 255
      },
      "VehicleMods": [
        16,
        11,
        2,
        4,
        7,
        -1,
        -1,
        8,
        1,
        5,
        -1,
        4,
        3,
        3,
        58,
        4,
        5,
        1,
        1,
        1,
        1,
        1,
        1,
        217,
        -1,
        -1,
        -1,
        -1,
        -1,
        -1,
        -1,
        -1,
        -1,
        -1,
        -1,
        -1,
        -1,
        -1,
        -1,
        -1,
        -1,
        -1,
        -1,
        -1,
        -1,
        -1,
        -1,
        -1,
        -1
      ],
      "WheelColorIndex": 0,
      "WheelType": 9,
      "WheelVariations": [
        1,
        1
      ],
      "WindowTint": 1
    },
    {
      "DashboardColorIndex": 0,
      "EnvEffScale": -1.000000,
      "Flags": {
        "BulletproofTyres": true,
        "CustomPrimaryColor": false,
        "CustomSecondaryColor": false,
        "ExtraFlag1": false,
        "ExtraFlag10": false,
        "ExtraFlag11": false,
        "ExtraFlag12": true,
        "ExtraFlag2": false,
        "ExtraFlag3": false,
        "ExtraFlag4": false,
        "ExtraFlag5": false,
        "ExtraFlag6": false,
        "ExtraFlag7": false,
        "ExtraFlag8": false,
        "ExtraFlag9": false,
        "NeonBack": true,
        "NeonFront": true,
        "NeonLeft": true,
        "NeonRight": true
      },
      "InteriorColorIndex": 0,
      "ModelHash": 1737773231,
      "Name": "Unknown [Rapid GT Cabrio (maxed)]",
      "NeonColor": {
        "b": 255,
        "g": 255,
        "r": 255
      },
      "NumberPlateIndex": 1,
      "NumberPlateText": "WL200",
      "PearlesentColorIndex": 158,
      "PrimaryColor": {
        "b": 71,
        "g": 57,
        "r": 27
      },
      "PrimaryColorIndex": 158,
      "SecondaryColor": {
        "b": 255,
        "g": 255,
        "r": 255
      },
      "SecondaryColorIndex": 158,
      "TyreSmokeColor": {
        "b": 255,
        "g": 255,
        "r": 255
      },
      "VehicleMods": [
        2,
        -1,
        -1,
        -1,
        1,
        -1,
        -1,
        1,
        -1,
        -1,
        -1,
        4,
        3,
        3,
        58,
        4,
        5,
        1,
        1,
        1,
        1,
        1,
        1,
        217,
        -1,
        -1,
        -1,
        -1,
        -1,
        -1,
        -1,
        -1,
        -1,
        -1,
        -1,
        -1,
        -1,
        -1,
        -1,
        -1,
        -1,
        -1,
        -1,
        -1,
        -1,
        -1,
        -1,
        -1,
        -1
      ],
      "WheelColorIndex": 156,
      "WheelType": 9,
      "WheelVariations": [
        1,
        1
      ],
      "WindowTint": 1
    }
  ]
}